Boîte de rangement,Thonon-les-Bains,Bricolage / Construction et rénovation,https://donnons.org/don/6891876
Manette esthetique,Thonon-les-Bains,Beauté / Soins du corps,https://donnons.org/don/6823154
Poches,Annecy,Loisirs,https://donnons.org/don/6891776
Ramequins,Annecy,Cuisine et arts de la table,https://donnons.org/don/6891788
Petits plats,Annecy,Cuisine et arts de la table,https://donnons.org/don/6891786
Petite bouteille en verre,Annecy,Cuisine et arts de la table,https://donnons.org/don/6891782
Velo,Rumilly,Sport,https://donnons.org/don/6891773
Dé (jeu),Annecy,Jeux et jouets,https://donnons.org/don/6891603
Table de nuit,Cranves-Sales,Meubles,https://donnons.org/don/6876611
Plat en céramique - style cendrier,Bossey,Cuisine et arts de la table,https://donnons.org/don/6759936
Tuile de rive,Archamps,Bricolage / Construction et rénovation,https://donnons.org/don/6891586
Lit mezzanine / etage ( deux couchage) rose,Saint-Julien-en-Genevois,Meubles,https://donnons.org/don/6891367
Meuble étagère,Ayse,Meubles,https://donnons.org/don/6891331
Planisphère plat,Ayse,Décoration,https://donnons.org/don/6891328
Tringle à rideaux + supports,Ayse,Décoration,https://donnons.org/don/6891327
Poubelle salle de bain,Ayse,Entretien de la maison : accessoires et produits,https://donnons.org/don/6891324
Aspirateur,Ayse,Électroménager,https://donnons.org/don/6891322
Petite étagère plastique,Ayse,Meubles,https://donnons.org/don/6891316
Siege de douche enfant,Bonneville,Puériculture,https://donnons.org/don/6891274
Niveau laser en panne,Cluses,Bricolage / Construction et rénovation,https://donnons.org/don/6891140
2 fauteuils,Cluses,Meubles,https://donnons.org/don/6891118
Poussette,Viuz-en-Sallaz,Puériculture,https://donnons.org/don/6890995
Silice antiderapante,Arbusigny,Bricolage / Construction et rénovation,https://donnons.org/don/6643432
Livre à donner - Le guide genevois parents-enfant,Bossey,Livres / Magazines,https://donnons.org/don/6890887
Livre à donner - dictionnaire des synonymes,Bossey,Livres / Magazines,https://donnons.org/don/6890879
Livre à donner - 1789 - 1858 collection d'Histoire,Bossey,Livres / Magazines,https://donnons.org/don/6890878
Livre à donner - Le nouveau guide pratique du droi,Bossey,Livres / Magazines,https://donnons.org/don/6890876
Miroir 140x100,Poisy,Décoration,https://donnons.org/don/6890869
Chaussures enfant,Pers-Jussy,Chaussures,https://donnons.org/don/6890868
Petits meuble de cuisine,Ville-en-Sallaz,Meubles,https://donnons.org/don/6890863
Abris-tente de plage,Villaz,Loisirs,https://donnons.org/don/6890648
Plan de travail cuisine,Sevrier,Meubles,https://donnons.org/don/6890592
Roues 205/65 R15 94H,Annecy,Auto / Moto / Véhicules,https://donnons.org/don/6890323
Râpe légumes,Savigny,Cuisine et arts de la table,https://donnons.org/don/6890248
Pistaches bio,Annecy,"



                        Alimentaire                    ",https://donnons.org/don/6889879
Verrines verre,Annecy,Cuisine et arts de la table,https://donnons.org/don/6889797
Cuisine,Saint-Laurent,Meubles,https://donnons.org/don/6890140
Canapé et fauteuil en cuir,Vétraz-Monthoux,Meubles,https://donnons.org/don/6889691
Matelas Ikea,Viry,Meubles,https://donnons.org/don/6876612
Panier riz gluant,Cernex,Cuisine et arts de la table,https://donnons.org/don/6890148
Livres voyage,Cernex,Livres / Magazines,https://donnons.org/don/6890143
Bracelets silicone,Cernex,Accessoires de mode,https://donnons.org/don/6890138
Frigo/congélateur Philips (congel HS),Annecy,Électroménager,https://donnons.org/don/6890120
Trottinette,Villaz,Loisirs,https://donnons.org/don/6890015
Petit rangement plastique,Villaz,Meubles,https://donnons.org/don/6890010
Cadre Taj-Mahal,Annecy,Décoration,https://donnons.org/don/6889968
VTT à réparer,Sillingy,Sport,https://donnons.org/don/6889648
Pantalon de travail femme,Annecy,Vêtements,https://donnons.org/don/6889594
Meuble tv,Ayse,Meubles,https://donnons.org/don/6889463
Caleçon de bain 3 ans,La Roche-sur-Foron,Vêtements,https://donnons.org/don/6842694
Portes coulissantes pour dressing,Cornier,Bricolage / Construction et rénovation,https://donnons.org/don/6889062
Lit 1 place en mélaminé avec matelas,Ayse,Meubles,https://donnons.org/don/6882401
Canapé en tissus,Archamps,Meubles,https://donnons.org/don/6848829
Pompe vélo,Annecy,Sport,https://donnons.org/don/6869272
Porte serviette murale,Annecy,Meubles,https://donnons.org/don/6888853
Horloge murale,Annecy,Décoration,https://donnons.org/don/6888851
Vêtements 2-4 ans,Annecy,Vêtements,https://donnons.org/don/6888846
Bouilloire,Viry,Électroménager,https://donnons.org/don/6888718
Mobile musical avec matelas,Annecy,Puériculture,https://donnons.org/don/6888536
Manche télescopique,Annecy,Entretien de la maison : accessoires et produits,https://donnons.org/don/6888530
Radiateur électrique,Sevrier,Bricolage / Construction et rénovation,https://donnons.org/don/6851511
Sacoche ordi,Annecy,Matériel de bureau / scolaire,https://donnons.org/don/6827293
Miroir à coller,Faucigny,Décoration,https://donnons.org/don/6888429
Ceintures femme,Pers-Jussy,Accessoires de mode,https://donnons.org/don/6888411
Chaussures femme,Pers-Jussy,Chaussures,https://donnons.org/don/6888406
Attelage pour vélo,Ayse,Auto / Moto / Véhicules,https://donnons.org/don/6888323
Meuble télé ancien,Ayse,Meubles,https://donnons.org/don/6888322
Matelas 140,Fillinges,Meubles,https://donnons.org/don/6882707
Table plus 4 chaises,Habère-Lullin,Meubles,https://donnons.org/don/6888294
Sommier une personne,Rumilly,Meubles,https://donnons.org/don/6863563
Canapé 4 places,Rumilly,Meubles,https://donnons.org/don/6863572
Fauteuil avec repose pied,Habère-Lullin,Meubles,https://donnons.org/don/6888127
Barrière de lit,Bons-en-Chablais,Puériculture,https://donnons.org/don/6887989
Bureau / table de salle a manger,Seyssel,Meubles,https://donnons.org/don/6887617
Panier de basket,Bons-en-Chablais,Sport,https://donnons.org/don/6887499
Lave vaisselle,Faverges-Seythenex,Électroménager,https://donnons.org/don/6887408
Puzzle,Nancy-sur-Cluses,Jeux et jouets,https://donnons.org/don/6887368
Bijoux enfant,Annecy,Accessoires de mode,https://donnons.org/don/6887199
Grande armoire en pin 2.14 x 1.27 x 0.47,Annecy,Meubles,https://donnons.org/don/6887175
Vaisselier,Epagny Metz-Tessy,Meubles,https://donnons.org/don/6887161
Meuble tévé,Epagny Metz-Tessy,Meubles,https://donnons.org/don/6887160
Gourde en peau - pour décoration - 28 cm,Bossey,Cuisine et arts de la table,https://donnons.org/don/6752199
4 coquillages - largeur 14 cm - pour décoration,Bossey,Décoration,https://donnons.org/don/6752195
Nettoyeur vapeur domena nvt,Viuz-en-Sallaz,Électroménager,https://donnons.org/don/6886943
Porte intérieur blanche,Sevrier,Bricolage / Construction et rénovation,https://donnons.org/don/6886940
Pochette cadeau,Cranves-Sales,Décoration,https://donnons.org/don/6886822
Sac enfant,Cranves-Sales,Jeux et jouets,https://donnons.org/don/6886817
Magazine deco,Cranves-Sales,Livres / Magazines,https://donnons.org/don/6886804
Livre astuces,Cranves-Sales,Livres / Magazines,https://donnons.org/don/6886789
Tee-shirt enfant,La Roche-sur-Foron,Vêtements,https://donnons.org/don/6886637
Chemise homme taille l,Annecy,Vêtements,https://donnons.org/don/6774295
Valise,Fillinges,Loisirs,https://donnons.org/don/6886462
Combinaison de ski T.44,Bogève,Sport,https://donnons.org/don/6869006
Cage de transport,Fillinges,Accessoires et alimentation pour animaux,https://donnons.org/don/6886461
Tabourets de bar,Bogève,Meubles,https://donnons.org/don/6886127
Veste femme taille 38-40,Annecy,Vêtements,https://donnons.org/don/6732648
Chemise homme taille l,Annecy,Vêtements,https://donnons.org/don/6774291
Livre le roman de heidi,Annecy,Livres / Magazines,https://donnons.org/don/6792523
Livre jean fouquet,Annecy,Livres / Magazines,https://donnons.org/don/6792543
Livre merveilles du monde sous marin,Annecy,Livres / Magazines,https://donnons.org/don/6792557
Livre la plongée sous marine,Annecy,Livres / Magazines,https://donnons.org/don/6792563
Vernis a ongles,Annecy,Beauté / Soins du corps,https://donnons.org/don/6811567
Pièces détachées biberons,Faucigny,Puériculture,https://donnons.org/don/6885794
Lot de 10 figurines Stikeez,Monnetier-Mornex,Collection,https://donnons.org/don/6848174
Lot de 10 figurines Kinder,Monnetier-Mornex,Collection,https://donnons.org/don/6848162
Passoire plastique tbe,Annecy,Cuisine et arts de la table,https://donnons.org/don/6885659
Tapis d éveil tbe,Annecy,Jeux et jouets,https://donnons.org/don/6885655
Canapé cuir beige,La Clusaz,Meubles,https://donnons.org/don/6874878
Débardeur femme,La Roche-sur-Foron,Vêtements,https://donnons.org/don/6885311
Haut femme,La Roche-sur-Foron,Vêtements,https://donnons.org/don/6885306
Cache sommier 160x200,Saint-Jorioz,Linge de maison,https://donnons.org/don/6885232
Tétines NUK,Annecy,Puériculture,https://donnons.org/don/6803655
Petite brosse pour coiffer poupée ou autre,Annecy,Beauté / Soins du corps,https://donnons.org/don/6654363
Tétines biberon Philips avent taille 2 / 1 mois,Annecy,Puériculture,https://donnons.org/don/6787696
Transat bain bébé,Annecy,Puériculture,https://donnons.org/don/6862351
Divers linge de lit,Saint-Jorioz,Linge de maison,https://donnons.org/don/6885256
Dessus de lit + double rideaux,Saint-Jorioz,Linge de maison,https://donnons.org/don/6885237
Lot de 5 roulettes à clipser,Bossey,Bricolage / Construction et rénovation,https://donnons.org/don/6785762
Carafe à eau,Bossey,Cuisine et arts de la table,https://donnons.org/don/6746171
Balancelle enfants de jardin,Perrignier,Loisirs,https://donnons.org/don/6843762
Luminaire Plafonnier gris carré 48x48cm,Talloires-Montmin,Décoration,https://donnons.org/don/6866511
Machine à coudre ancienne très bon état,Sallanches,Loisirs,https://donnons.org/don/6884436
Tableau peint à la main,Perrignier,Décoration,https://donnons.org/don/6843516
Tour de rangement pour 45 CD ou DVD,Perrignier,Multimédia / High tech,https://donnons.org/don/6843768
Livres niveau lycée,Perrignier,Livres / Magazines,https://donnons.org/don/6843503
Lampe de chevet,Perrignier,Décoration,https://donnons.org/don/6843756
Tableau champêtre,Perrignier,Décoration,https://donnons.org/don/6850942
Patins à roulettes / Roller,Perrignier,Loisirs,https://donnons.org/don/6875177
Console d’entrée en verre,Lullin,Meubles,https://donnons.org/don/6884093
Four encastrable et meuble,Menthonnex-en-Bornes,Électroménager,https://donnons.org/don/6884044
Meuble TV,Epagny Metz-Tessy,Meubles,https://donnons.org/don/6883757
Livre ben hur,Annecy,Livres / Magazines,https://donnons.org/don/6786619
Chemise homme taille l,Annecy,Vêtements,https://donnons.org/don/6774292
Chemise homme taille l,Annecy,Vêtements,https://donnons.org/don/6774299
Chemise homme taille l,Annecy,Vêtements,https://donnons.org/don/6774301
Manteau femme taille 40-42,Annecy,Vêtements,https://donnons.org/don/6776240
Veste femme taille 54,Annecy,Vêtements,https://donnons.org/don/6776272
LIVRE le Monde et la Vie,Annecy,Livres / Magazines,https://donnons.org/don/6792516
Machine à laver linge,Menthon-Saint-Bernard,Électroménager,https://donnons.org/don/6883605
Gourdes n°1,Cluses,Cuisine et arts de la table,https://donnons.org/don/6764357
Imprimante laser HP-5L en panne,Cluses,Multimédia / High tech,https://donnons.org/don/6639158
Accessoires salle de bains,Cluses,Entretien de la maison : accessoires et produits,https://donnons.org/don/6610616
Imprimante DELL pour pièces,Cluses,Multimédia / High tech,https://donnons.org/don/6764396
Gourdes n°2,Cluses,Cuisine et arts de la table,https://donnons.org/don/6764358
Kit haut-parleurs 2.1,Cluses,Multimédia / High tech,https://donnons.org/don/6620985
Lot de 2 imprimantes laser pour pièces,Cluses,Multimédia / High tech,https://donnons.org/don/6639146
Tringle/support pour rideau de douche,Cluses,Décoration,https://donnons.org/don/6757593
Siège de bureau,Mûres,Meubles,https://donnons.org/don/6579872
Trottinette de ville femme,Villy-le-Pelloux,Loisirs,https://donnons.org/don/6883053
Trottinette freestyle Oxelo Decathlon,Villy-le-Pelloux,Loisirs,https://donnons.org/don/6883048
Pull et Jean,Thonon-les-Bains,Vêtements,https://donnons.org/don/6883046
Trottinette enfant decathlon,Villy-le-Pelloux,Loisirs,https://donnons.org/don/6883045
VTT a réparer,Villy-le-Pelloux,Sport,https://donnons.org/don/6883044
Dvd Film famille,Thonon-les-Bains,Multimédia / High tech,https://donnons.org/don/6883038
Lot puériculture biberons avent sans bisphénol,Villy-le-Pelloux,Puériculture,https://donnons.org/don/6883035
Parc bébé pliable - Réglable sur 3hauteur,Villaz,Puériculture,https://donnons.org/don/6882997
Sommier une place,Habère-Lullin,Meubles,https://donnons.org/don/6882913
Chemise homme taille l,Annecy,Vêtements,https://donnons.org/don/6774298
"Grand portique Trigano Ado/Adulte 3,50 m",Saint-Jorioz,Loisirs,https://donnons.org/don/6882854
Pots plastiques alimentaires,Annecy,Cuisine et arts de la table,https://donnons.org/don/6628059
Accessoire anti-buée pour masque,Annecy,Matériel spécialisé,https://donnons.org/don/6628162
Petit contenant à dragées,Annecy,Décoration,https://donnons.org/don/6628137
2 bonnets de bain,Annecy,Sport,https://donnons.org/don/6640746
Ustensiles de cuisine en bois,Annecy,Cuisine et arts de la table,https://donnons.org/don/6647459
Pots en verre,Annecy,Cuisine et arts de la table,https://donnons.org/don/6646057
Boucles d'oreilles,Annecy,Accessoires de mode,https://donnons.org/don/6751340
Déo pierre d'alun,Annecy,Beauté / Soins du corps,https://donnons.org/don/6750964
Commode 3 tiroirs,Ayse,Meubles,https://donnons.org/don/6882429
ÉVIER inox,Ayse,Bricolage / Construction et rénovation,https://donnons.org/don/6882427
Étendoir mural,Ayse,Entretien de la maison : accessoires et produits,https://donnons.org/don/6882426
Vaisselle,Ayse,Cuisine et arts de la table,https://donnons.org/don/6882424
Meuble de rangement,Ayse,Meubles,https://donnons.org/don/6882417
Poussette,Ayse,Puériculture,https://donnons.org/don/6882414
Jeu memory Monsters university,Bossey,Jeux et jouets,https://donnons.org/don/6762845
Objet de bureau multi tâches,Bossey,Matériel de bureau / scolaire,https://donnons.org/don/6801485
Jeu de carte en anglais Read at home - enfants,Bossey,Jeux et jouets,https://donnons.org/don/6804657
Gant à paillettes style Michael Jackson,Bossey,Accessoires de mode,https://donnons.org/don/6766234
Dessous de plat,Bossey,Cuisine et arts de la table,https://donnons.org/don/6767936
Youpala,Ayse,Puériculture,https://donnons.org/don/6882411
Fenêtre ~1m5/1m,Ayse,Bricolage / Construction et rénovation,https://donnons.org/don/6882409
Piano Erard quart de queue,Annecy,Loisirs,https://donnons.org/don/6882319
Meubles,Manigod,Meubles,https://donnons.org/don/6881814
Pots de yahourt en verre La Fermière,Annecy,Cuisine et arts de la table,https://donnons.org/don/6859690
Banc musculation,Vers,Sport,https://donnons.org/don/6881870
Danse avec les loups,La Roche-sur-Foron,Livres / Magazines,https://donnons.org/don/6881837
Guides des prénoms filles,La Roche-sur-Foron,Livres / Magazines,https://donnons.org/don/6881834
Canapé convertible confortable,Praz-sur-Arly,Meubles,https://donnons.org/don/6881758
Cd rw,Reignier-Ésery,Multimédia / High tech,https://donnons.org/don/6881595
Tupperware 4 coupes,Annecy,Cuisine et arts de la table,https://donnons.org/don/6801263
Livre la belle au bois dormant,Annecy,Livres / Magazines,https://donnons.org/don/6786617
Vêtement garçon 5 ans,Annecy,Vêtements,https://donnons.org/don/6765823
Téléphones,Annecy,Multimédia / High tech,https://donnons.org/don/6881503
Eléments de circuit Darda,Annecy,Jeux et jouets,https://donnons.org/don/6881246
CD films,Reignier-Ésery,Multimédia / High tech,https://donnons.org/don/6881394
Table basse,Contamine-sur-Arve,Meubles,https://donnons.org/don/6881285
Vieux livre sur la Grèce : le patrimoine Grec,Saint-Julien-en-Genevois,Livres / Magazines,https://donnons.org/don/6881062
Boucles d'oreilles,La Roche-sur-Foron,Accessoires de mode,https://donnons.org/don/6881060
Boîte à bijoux,La Roche-sur-Foron,Accessoires de mode,https://donnons.org/don/6881050
Lot de 7 crayons de papier HB,Saint-Julien-en-Genevois,Matériel de bureau / scolaire,https://donnons.org/don/6881041
Sous verre,Viry,Décoration,https://donnons.org/don/6756092
Peluches lapin doudous,Saint-Julien-en-Genevois,Jeux et jouets,https://donnons.org/don/6881024
HP CASE/tour universelle (d’un PC HP),Thonon-les-Bains,Multimédia / High tech,https://donnons.org/don/6880884
Bambou,Marin,Jardin / aménagement extérieur,https://donnons.org/don/6830048
Petit tableau cheval peint - cadre en plastique,Bossey,Décoration,https://donnons.org/don/6880614
Livre,La Roche-sur-Foron,Livres / Magazines,https://donnons.org/don/6880541
Tee-shirt enfant,La Roche-sur-Foron,Vêtements,https://donnons.org/don/6880529
Lot casquette,La Roche-sur-Foron,Accessoires de mode,https://donnons.org/don/6880528
Jouet pour hamster,Annecy,Accessoires et alimentation pour animaux,https://donnons.org/don/6880506
Lampe,La Roche-sur-Foron,Décoration,https://donnons.org/don/6880205
"Filet filtrant fosse sceptique, neuf, 60 litres",Viry,Bricolage / Construction et rénovation,https://donnons.org/don/6836437
Robot ménager,Reignier-Ésery,Électroménager,https://donnons.org/don/6880097
Lustre fantaisie pour chambre d'enfant,Bossey,Décoration,https://donnons.org/don/6751518
4 VHS - La petite maison dans la prairie -saison 1,Bossey,Multimédia / High tech,https://donnons.org/don/6751462
Coeur annonceur de visite,Bossey,Décoration,https://donnons.org/don/6772861
Table bois,Talloires-Montmin,Meubles,https://donnons.org/don/6880087
4 cache pots tbe,Annecy,Jardin / aménagement extérieur,https://donnons.org/don/6879979
Le roman d'un enfant,La Roche-sur-Foron,Livres / Magazines,https://donnons.org/don/6879931
Livre,La Roche-sur-Foron,Livres / Magazines,https://donnons.org/don/6879927
Livre,La Roche-sur-Foron,Livres / Magazines,https://donnons.org/don/6879922
Donald le téméraire,La Roche-sur-Foron,Livres / Magazines,https://donnons.org/don/6879921
Alice et le mauvais présage,La Roche-sur-Foron,Livres / Magazines,https://donnons.org/don/6879919
1 2 3,La Roche-sur-Foron,Livres / Magazines,https://donnons.org/don/6879913
Petits pots bébé,Marnaz,Puériculture,https://donnons.org/don/6879831
Cocotte minute,Contamine-sur-Arve,Cuisine et arts de la table,https://donnons.org/don/6879823
Ensemble bijoux,Annecy,Accessoires de mode,https://donnons.org/don/6879796
Porte photos,Annecy,Décoration,https://donnons.org/don/6879788
Poubelle pour cuisine integré,La Roche-sur-Foron,Entretien de la maison : accessoires et produits,https://donnons.org/don/6879115
T-shirt sans manches - Esprit - taille XL,Bossey,Vêtements,https://donnons.org/don/6879404
Lave main encastrable,La Roche-sur-Foron,Bricolage / Construction et rénovation,https://donnons.org/don/6878753
Canapé deux places vert,Annecy,Meubles,https://donnons.org/don/6878739
Suspension / Lustre,Rumilly,Décoration,https://donnons.org/don/6794397
Tableau triptyque acrylique,Annecy,Décoration,https://donnons.org/don/6878580
Sommier et bois de lit 1 personne,Amancy,Meubles,https://donnons.org/don/6856166
Sommier et matelas,Ville-en-Sallaz,Meubles,https://donnons.org/don/6877272
Bibi cromagnon et son mammouth,La Roche-sur-Foron,Livres / Magazines,https://donnons.org/don/6877193
Achoura le petit Esquimau,La Roche-sur-Foron,Livres / Magazines,https://donnons.org/don/6877190
Shere Khan le seigneur tigre,La Roche-sur-Foron,Livres / Magazines,https://donnons.org/don/6877181
Atlas des civilisations anciennes,La Roche-sur-Foron,Livres / Magazines,https://donnons.org/don/6877177
Histoires de Noël,La Roche-sur-Foron,Livres / Magazines,https://donnons.org/don/6877173
Panier a anse,Thonon-les-Bains,Décoration,https://donnons.org/don/6877117
Ballon décoration,Savigny,Décoration,https://donnons.org/don/6877115
Jacquette Zebra Kritwear - taille XS - un trou sur,Bossey,Vêtements,https://donnons.org/don/6876861
Pantalon sculpt legging - 12 regular,Bossey,Vêtements,https://donnons.org/don/6876857
5 poteaux en béton,Faverges-Seythenex,Jardin / aménagement extérieur,https://donnons.org/don/6876818
Bottes rangers,La Muraz,Chaussures,https://donnons.org/don/6853583
Fer à repasser,La Muraz,Électroménager,https://donnons.org/don/6853580
Muscaris,Ville-la-Grand,Jardin / aménagement extérieur,https://donnons.org/don/6876273
Bouteilles avec bec verseur huile vinaigre,Etaux,Cuisine et arts de la table,https://donnons.org/don/6804863
Bol en plastique pour enfant -Angelina ballerina,Bossey,Cuisine et arts de la table,https://donnons.org/don/6757960
Citrouille avec lumière (sur pile),Bossey,Décoration,https://donnons.org/don/6752188
Sommier,Saint-Pierre-en-Faucigny,Meubles,https://donnons.org/don/6659620
Miroir rond à fixer,Annecy,Décoration,https://donnons.org/don/6852224
3 Lampes de chevet,Marignier,Décoration,https://donnons.org/don/6876073
Bureau,Annecy,Meubles,https://donnons.org/don/6780704
Chaussettes chaudes enfant,Annecy,Vêtements,https://donnons.org/don/6776277
2 chaises pliantes en toile,Excenevex,Jardin / aménagement extérieur,https://donnons.org/don/6875788
Mobilier,Viuz-en-Sallaz,Meubles,https://donnons.org/don/6875825
Sommier 140 par 190,Ville-en-Sallaz,Meubles,https://donnons.org/don/6857570
Chaises vintage pour table salle à manger,Epagny Metz-Tessy,Meubles,https://donnons.org/don/6875607
Machine à café,Talloires-Montmin,Électroménager,https://donnons.org/don/6875551
Panier paille,Cranves-Sales,Accessoires de mode,https://donnons.org/don/6875545
Frange à laver,Cranves-Sales,Entretien de la maison : accessoires et produits,https://donnons.org/don/6875519
"Tapis uni, couleur majoritaire vieux rose",Annecy,Décoration,https://donnons.org/don/6875459
Drap chiffon,Cranves-Sales,Linge de maison,https://donnons.org/don/6875405
Crochets,Cranves-Sales,Entretien de la maison : accessoires et produits,https://donnons.org/don/6875381
Boites plastique,Cranves-Sales,Entretien de la maison : accessoires et produits,https://donnons.org/don/6875378
Corbeilles,Cranves-Sales,Entretien de la maison : accessoires et produits,https://donnons.org/don/6875377
Vase,Chêne-en-Semine,Décoration,https://donnons.org/don/6875430
Protège livres,Cranves-Sales,Matériel de bureau / scolaire,https://donnons.org/don/6875415
Embouts tringle,Cranves-Sales,Décoration,https://donnons.org/don/6875380
Cadre,Cranves-Sales,Décoration,https://donnons.org/don/6875343
Lit enfant blanc,Sciez,Meubles,https://donnons.org/don/6875309
Camion pompier bois,Savigny,Jeux et jouets,https://donnons.org/don/6875308
Jouet,Savigny,Jeux et jouets,https://donnons.org/don/6875304
Lot jouets,Savigny,Jeux et jouets,https://donnons.org/don/6875301
Ours polaire gonflable,Savigny,Jeux et jouets,https://donnons.org/don/6875299
Fleur de massage neuve,Annecy,Beauté / Soins du corps,https://donnons.org/don/6875223
Chaussures femme,La Roche-sur-Foron,Chaussures,https://donnons.org/don/6874581
Chaussures femme,La Roche-sur-Foron,Chaussures,https://donnons.org/don/6874579
Chaussures femme,La Roche-sur-Foron,Chaussures,https://donnons.org/don/6874578
Bureau,La Roche-sur-Foron,Meubles,https://donnons.org/don/6874506
Livres en anglais,Messery,Livres / Magazines,https://donnons.org/don/6874408
Bureau en verre,Marignier,Meubles,https://donnons.org/don/6874189
Accessoire de couture,Arbusigny,Loisirs,https://donnons.org/don/6826919
Lit enfants,Annecy,Meubles,https://donnons.org/don/6873785
Pantalon femme,La Roche-sur-Foron,Vêtements,https://donnons.org/don/6873696
Meuble d'angle,Saint-Jeoire,Meubles,https://donnons.org/don/6873145
Encyclopédies,Annecy,Livres / Magazines,https://donnons.org/don/6872973
Puzzle enfant,Alby-sur-Chéran,Jeux et jouets,https://donnons.org/don/6801507
Jouet bébé,Alby-sur-Chéran,Jeux et jouets,https://donnons.org/don/6792723
Livre bébé,Alby-sur-Chéran,Livres / Magazines,https://donnons.org/don/6792722
Verres pour jus de fruits,Ville-la-Grand,Cuisine et arts de la table,https://donnons.org/don/6872315
Meuble tele,Rumilly,Meubles,https://donnons.org/don/6872206
Nikki pop,La Roche-sur-Foron,Livres / Magazines,https://donnons.org/don/6872198
2 chaises,Choisy,Meubles,https://donnons.org/don/6866377
Salon 3 pieces,Saint-Jorioz,Meubles,https://donnons.org/don/6827420
La conquête de l'énergie,La Roche-sur-Foron,Livres / Magazines,https://donnons.org/don/6871578
Plusieurs paires de chaussures 30-32,Andilly,Chaussures,https://donnons.org/don/6871539
Lot de vêtements garçon 8 ans,Andilly,Vêtements,https://donnons.org/don/6871531
Guide prénoms filles,La Roche-sur-Foron,Livres / Magazines,https://donnons.org/don/6871519
Mon prof s'allume dans le noir,La Roche-sur-Foron,Livres / Magazines,https://donnons.org/don/6871517
La bande à grimme,La Roche-sur-Foron,Livres / Magazines,https://donnons.org/don/6871516
Carnet de lecture,La Roche-sur-Foron,Livres / Magazines,https://donnons.org/don/6871513
Fer à repasser,Epagny Metz-Tessy,Électroménager,https://donnons.org/don/6871343
Les vacances de poly,La Roche-sur-Foron,Livres / Magazines,https://donnons.org/don/6871278
La drogue expliquée aux parents,La Roche-sur-Foron,Livres / Magazines,https://donnons.org/don/6871194
Le palais de Sissi,La Roche-sur-Foron,Livres / Magazines,https://donnons.org/don/6871190
Fantomette et le dragon d'or,La Roche-sur-Foron,Livres / Magazines,https://donnons.org/don/6871189
Lili et la rose d'or,La Roche-sur-Foron,Livres / Magazines,https://donnons.org/don/6871188
Le trésor des hollandais,La Roche-sur-Foron,Livres / Magazines,https://donnons.org/don/6871186
Lot livres,La Roche-sur-Foron,Livres / Magazines,https://donnons.org/don/6871185
L'entreprise végétale,La Roche-sur-Foron,Livres / Magazines,https://donnons.org/don/6871183
Porte manteau,Saint-Julien-en-Genevois,Entretien de la maison : accessoires et produits,https://donnons.org/don/6870868
Radio réveil,Arbusigny,Multimédia / High tech,https://donnons.org/don/6870106
Boites,Thonon-les-Bains,Décoration,https://donnons.org/don/6869857
Poésie,Thonon-les-Bains,Livres / Magazines,https://donnons.org/don/6869855
Photophore,Thonon-les-Bains,Décoration,https://donnons.org/don/6869854
Bob bleu,Thonon-les-Bains,Accessoires de mode,https://donnons.org/don/6869850
Bidon vide 5 l,Thonon-les-Bains,Entretien de la maison : accessoires et produits,https://donnons.org/don/6869849
